{
  "saved_at": "2026-04-09T11:24:36.771576",
  "num_files_copied": 10,
  "metrics": {
    "base_bleu": 2.921745571117932,
    "ft_bleu": 48.34259856233734,
    "base_rouge": 0.13129549737797158,
    "ft_rouge": 0.5925352477403113
  }
}